Name,Date,,
AFL Grand Final,25/09/2010,,
AFL Grand Final,2/10/2010,,
AFL Grand Final,1/10/2011,,
AFL Grand Final,29/09/2012,,
AFL Grand Final,28/09/2013,,
AFL Grand Final,27/09/2014,,
AFL Grand Final,3/10/2015,,
AFL Grand Final,1/10/2016,,
AFL Grand Final,30/09/2017,,
AFL Grand Final,29/09/2018,,
AFL Grand Final,28/09/2019,,
AFL Grand Final,24/10/2020,,
AFL Grand Final,25/09/2021,,
AFL Grand Final,24/09/2022,,
AFL Grand Final,30/09/2023,,
Black Friday Cyber Monday,26/11/2010,,
Black Friday Cyber Monday,27/11/2010,,
Black Friday Cyber Monday,28/11/2010,,
Black Friday Cyber Monday,29/11/2010,,
Black Friday Cyber Monday,25/11/2011,,
Black Friday Cyber Monday,26/11/2011,,
Black Friday Cyber Monday,27/11/2011,,
Black Friday Cyber Monday,28/11/2011,,
Black Friday Cyber Monday,23/11/2012,,
Black Friday Cyber Monday,24/11/2012,,
Black Friday Cyber Monday,25/11/2012,,
Black Friday Cyber Monday,26/11/2012,,
Black Friday Cyber Monday,27/11/2015,,
Black Friday Cyber Monday,28/11/2015,,
Black Friday Cyber Monday,29/11/2015,,
Black Friday Cyber Monday,30/11/2015,,
Black Friday Cyber Monday,25/11/2016,,
Black Friday Cyber Monday,26/11/2016,,
Black Friday Cyber Monday,27/11/2016,,
Black Friday Cyber Monday,28/11/2016,,
Black Friday Cyber Monday,24/11/2017,,
Black Friday Cyber Monday,25/11/2017,,
Black Friday Cyber Monday,26/11/2017,,
Black Friday Cyber Monday,27/11/2017,,
Black Friday Cyber Monday,23/11/2018,,
Black Friday Cyber Monday,24/11/2018,,
Black Friday Cyber Monday,25/11/2018,,
Black Friday Cyber Monday,26/11/2018,,
Black Friday Cyber Monday,27/11/2020,,
Black Friday Cyber Monday,28/11/2020,,
Black Friday Cyber Monday,29/11/2020,,
Black Friday Cyber Monday,30/11/2020,,
Black Friday Cyber Monday,26/11/2021,,
Black Friday Cyber Monday,27/11/2021,,
Black Friday Cyber Monday,28/11/2021,,
Black Friday Cyber Monday,29/11/2021,,
Black Friday Cyber Monday,25/11/2022,,
Black Friday Cyber Monday,26/11/2022,,
Black Friday Cyber Monday,27/11/2022,,
Black Friday Cyber Monday,28/11/2022,,
Black Friday Cyber Monday,24/11/2023,,
Black Friday Cyber Monday,25/11/2023,,
Black Friday Cyber Monday,26/11/2023,,
Black Friday Cyber Monday,27/11/2023,,
Black Friday Cyber Monday,27/11/2026,,
Black Friday Cyber Monday,28/11/2026,,
Black Friday Cyber Monday,29/11/2026,,
Black Friday Cyber Monday,30/11/2026,,
Census Night,9/08/2011,,
Census Night,9/08/2016,,
Census Night,10/08/2021,,
Father's Day,5/09/2010,,
Father's Day,4/09/2011,,
Father's Day,2/09/2012,,
Father's Day,1/09/2013,,
Father's Day,7/09/2014,,
Father's Day,6/09/2015,,
Father's Day,4/09/2016,,
Father's Day,3/09/2017,,
Father's Day,2/09/2018,,
Father's Day,1/09/2019,,
Father's Day,6/09/2020,,
Father's Day,5/09/2021,,
Father's Day,4/09/2022,,
Father's Day,3/09/2023,,
Father's Day,1/09/2024,,
Father's Day,7/09/2025,,
Father's Day,6/09/2026,,
Halloween,31/10/2010,,
Halloween,31/10/2011,,
Halloween,31/10/2012,,
Halloween,31/10/2013,,
Halloween,31/10/2014,,
Halloween,31/10/2015,,
Halloween,31/10/2016,,
Halloween,31/10/2017,,
Halloween,31/10/2018,,
Halloween,31/10/2019,,
Halloween,31/10/2020,,
Halloween,31/10/2021,,
Halloween,31/10/2022,,
Halloween,31/10/2023,,
Halloween,31/10/2024,,
Halloween,31/10/2025,,
Halloween,31/10/2026,,
Melbourne Cup,2/11/2010,,
Melbourne Cup,1/11/2011,,
Melbourne Cup,6/11/2012,,
Melbourne Cup,5/11/2013,,
Melbourne Cup,4/11/2014,,
Melbourne Cup,3/11/2015,,
Melbourne Cup,1/11/2016,,
Melbourne Cup,7/11/2017,,
Melbourne Cup,6/11/2018,,
Melbourne Cup,5/11/2019,,
Melbourne Cup,3/11/2020,,
Melbourne Cup,2/11/2021,,
Melbourne Cup,1/11/2022,,
Melbourne Cup,7/11/2023,,
Melbourne Cup,5/11/2024,,
Melbourne Cup,4/11/2025,,
Melbourne Cup,3/11/2026,,
Mother's Day,9/05/2010,,
Mother's Day,8/05/2011,,
Mother's Day,13/05/2012,,
Mother's Day,12/05/2013,,
Mother's Day,11/05/2014,,
Mother's Day,10/05/2015,,
Mother's Day,8/05/2016,,
Mother's Day,14/05/2017,,
Mother's Day,13/05/2018,,
Mother's Day,12/05/2019,,
Mother's Day,10/05/2020,,
Mother's Day,9/05/2021,,
Mother's Day,8/05/2022,,
Mother's Day,14/05/2023,,
Mother's Day,12/05/2024,,
Mother's Day,11/05/2025,,
Mother's Day,10/05/2026,,
NRL Grand Final,3/10/2010,,
NRL Grand Final,2/10/2011,,
NRL Grand Final,30/09/2012,,
NRL Grand Final,6/10/2013,,
NRL Grand Final,5/10/2014,,
NRL Grand Final,4/10/2015,,
NRL Grand Final,2/10/2016,,
NRL Grand Final,1/10/2017,,
NRL Grand Final,30/09/2018,,
NRL Grand Final,6/10/2019,,
NRL Grand Final,25/10/2020,,
NRL Grand Final,3/10/2021,,
NRL Grand Final,2/10/2022,,
NRL Grand Final,1/10/2023,,
Valentines Day,14/02/2010,,
Valentines Day,14/02/2011,,
Valentines Day,14/02/2012,,
Valentines Day,14/02/2013,,
Valentines Day,14/02/2014,,
Valentines Day,14/02/2015,,
Valentines Day,14/02/2016,,
Valentines Day,14/02/2017,,
Valentines Day,14/02/2018,,
Valentines Day,14/02/2019,,
Valentines Day,14/02/2020,,
Valentines Day,14/02/2021,,
Valentines Day,14/02/2022,,
Valentines Day,14/02/2023,,
Valentines Day,14/02/2024,,
Valentines Day,14/02/2025,,
Valentines Day,14/02/2026,,
